
{
	"telemetry": {
		"eva_time": 4,
		"eva1": {
			"batt_time_left": 5077.148926,
			"oxy_pri_storage": 23.755802,
			"oxy_sec_storage": 15.452492,
			"oxy_pri_pressure": 0.000000,
			"oxy_sec_pressure": 463.576965,
			"oxy_time_left": 4234,
			"heart_rate": 90.0000,
			"oxy_consumption": 0.103577,
			"co2_production": 0.104614,
			"suit_pressure_oxy": 3.072349,
			"suit_pressure_co2": 0.001071,
			"suit_pressure_other": 11.554200,
			"suit_pressure_total": 14.627621,
			"fan_pri_rpm": 0.000000,
			"fan_sec_rpm": 29855.638672,
			"helmet_pressure_co2": 0.005966,
			"scrubber_a_co2_storage": 0.000000,
			"scrubber_b_co2_storage": 0.497545,
			"temperature": 72.085022,
			"coolant_ml": 20.508068,
			"coolant_gas_pressure": 0.000000,
			"coolant_liquid_pressure": 113.717278
		},
		"eva2": {
			"batt_time_left": 3384.893799,
			"oxy_pri_storage": 24.231962,
			"oxy_sec_storage": 19.382099,
			"oxy_pri_pressure": 0.002680,
			"oxy_sec_pressure": 581.466858,
			"oxy_time_left": 4710,
			"heart_rate": 90.000000,
			"oxy_consumption": 0.098664,
			"co2_production": 0.095775,
			"suit_pressure_oxy": 3.072346,
			"suit_pressure_cO2": 0.001163,
			"suit_pressure_other": 11.554200,
			"suit_pressure_total": 14.627710,
			"fan_pri_rpm": 0.000000,
			"fan_sec_rpm": 29433.216797,
			"helmet_pressure_co2": 0.005640,
			"scrubber_a_co2_storage": 0.000000,
			"scrubber_b_co2_storage": 0.497686,
			"temperature": 76.830681,
			"coolant_ml": 22.034748,
			"coolant_gas_pressure": 0.000000,
			"coolant_liquid_pressure": 130.226517
		}
	}
}